cuit_emisor,razon_social,codigo_caja_valores,codigo_byma,denominacion_especie,tipo_titulo,fecha_alta,fecha_vencimiento,moneda,prefijo
30642412899,MAQUINAS AGRICOLAS OMBU S.A,58996,OM1BL,ON PYME MAQUINAS AGRICOLAS OMBU S.1 CL.B 20/1,1O/B2L7I GUASCDION NEGOCIABLE PYME,20/11/2025,20/11/2027,Pesos,OM
30539081086,GASTALDI HNOS. S.A.I. y C.F. e I.,58061,HG22P,ON PYME GASTALDI HNOS S.2 CL.2 $,OBLIGACION NEGOCIABLE PYME,16/9/2024,16/9/2026,Pesos,HG
30516877223,LILIANA SRL,57684,LN21P,ON P LILIANA SRL S2 CL.1 V27/03/26 $ CG,OBLIGACION NEGOCIABLE PYME,27/3/2024,27/3/2026,Pesos,LN
30690076043,SION S.A.,55608,SN7BP,ON SION SA PYME S7 CL.B V.07/09/26$ C.G,OBLIGACION NEGOCIABLE PYME,7/9/2021,7/9/2026,Pesos,SN
30690076043,SION S.A.,57462,SNSDP,ON PYME SION 12 V02/11/26 UVA CG,OBLIGACION NEGOCIABLE PYME,2/11/2023,2/11/2026,Pesos,SNSD
30651084241,PEDROLGA S.A.,59006,PES1L,ON PYME PEDROLGA S.1 26/11/27 $,OBLIGACION NEGOCIABLE PYME,26/11/2025,26/11/2027,Pesos,PES
30707810927,COMPAÑIA TSB SA,58076,BT21P,ON PYME CIA.TSB S.2 C.1 V.20/9/26 U$S CG,OBLIGACION NEGOCIABLE PYME,20/9/2024,20/9/2026,Pesos,BT
30715999141,SPAZIOS INMUEBLES S.A.,59073,ZI11P,ON PYME SPAZIOS INMUEBLES S.1 CL.1 15/12/27 $,OBLIGACION NEGOCIABLE PYME,15/12/2025,15/12/2027,Pesos,ZI
30708132337,NUEVAS TIERRAS S.A.,57465,NUS1P,ON P NUEVAS TIERRAS 1 V07/11/26 U$S CG,OBLIGACION NEGOCIABLE PYME,7/11/2023,7/11/2026,Pesos,NUS
30712129766,AGRONEA PRODUCCIONES SRL,58800,SA1BP,ON PYME AGRONEA PROD. S.1 CL.B V.24/07/30 $ CG,OBLIGACION NEGOCIABLE PYME,24/7/2025,24/7/2030,Pesos,SA
33712110959,ZUAMAR S.A.,57896,ZUS2P,ON PYME ZUAMAR S.2 U$S V.17/07/27 C.G.,OBLIGACION NEGOCIABLE PYME,17/7/2024,17/7/2027,Pesos,ZUS
30658840165,OLEODUCTOS DEL VALLE S.A.,57850,OLC4O,ON OLDELVAL CL. 4 VTO.14/06/26 U$S CG,OBLIGACION NEGOCIABLE SIMPLE,14/6/2024,14/6/2026,Pesos,OLC
30690076043,SION S.A.,56263,SN8BP,ON PYME SION S. 8 CL. B $ V30/06/27 CG,OBLIGACION NEGOCIABLE SIMPLE,30/6/2022,30/6/2027,Pesos,SN
30500011072,BANCO HIPOTECARIO S.A.,59004,HBCBO,ON BANCO HIPOTECARIO CL.11 20/11/26 $,OBLIGACION NEGOCIABLE SIMPLE,20/11/2025,20/11/2026,Pesos,HBCB
30641487267,ACTUAL S.A.,52972,CT62P,ON.PYMES ACTUAL S.6 CL.2 V.03/11/20 $ CG,OBLIGACION NEGOCIABLE SIMPLE,3/11/2017,3/11/2020,Pesos,CT
33711217679,INSUGA CHACO S.A,55363,IC1BP,ON PYME INSUGA CHACO S1 CLB V17/11/22 CG,OBLIGACION NEGOCIABLE SIMPLE,17/5/2021,17/5/2025,Pesos,IC
30707012672,NAVARRO S.A.,58182,NV12P,ON NAVARRO S.1 CL.2 V.29/10/26 $ CG,OBLIGACION NEGOCIABLE PYME,29/10/2024,29/10/2026,Pesos,NV
30716684594,ASOCIACION CIVIL SUMATORIA PARA UNA NUEVA ECONOMIA,57683,ENC5P,ON PYME ASO.CIV.SUM CL.5 $ V26/03/26 CG,OBLIGACION NEGOCIABLE PYME,26/3/2024,26/3/2026,Pesos,ENC
30519527703,TERMOELECTRICA SA,55877,ELS1P,ON PYME CNV TERMOELECTRICA GAR. S.1 $ CG,OBLIGACION NEGOCIABLE PYME,27/12/2021,27/12/2026,Pesos,ELS
30640576428,GUALOK SRL,58005,GK1AP,ON GUALOK S.1 C.A V29/08/26 $ CG,OBLIGACION NEGOCIABLE PYME,29/8/2024,29/8/2026,Pesos,GK
33710735609,ASSERCA S.R.L.,58715,ESS1P,ON PYME ASSERCA S.1 $ CG,OBLIGACION NEGOCIABLE PYME,12/6/2025,12/6/2027,Pesos,ESS
30641234601,BISORDI KREMAR SRL,58047,KR1AP,ON BISORDI KR SER.1 CL.A VTO.5/9/26 $ CG,OBLIGACION NEGOCIABLE PYME,5/9/2024,5/9/2026,Pesos,KR
30716684594,ASOCIACION CIVIL SUMATORIA PARA UNA NUEVA ECONOMIA,59091,ENC8P,ON PYME ASOCIACION CIVIL SUMATORIA PARA UNA N,OUEBVLIAG EACCOIONNO NMEIGA OCCL.I8A B1L9E/ 1P2Y/M27E $,19/12/2025,19/12/2027,Pesos,ENC
33717152749,MILKYNET S.A.,58375,KIS1P,ON PYME MILKYNET S.1 V.27/12/26 $ CG,OBLIGACION NEGOCIABLE PYME,27/12/2024,27/12/2026,Pesos,KIS
30640576428,GUALOK SRL,58006,GK1BP,ON GUALOK S.1 C.B V29/08/29 $ CG,OBLIGACION NEGOCIABLE PYME,29/8/2024,29/8/2029,Pesos,GK
30707009892,PROSEIND S.A.,58665,PDS2P,ON PROSEIND S.2 V.26/05/27 $ CG,OBLIGACION NEGOCIABLE PYME,26/5/2025,26/5/2027,Pesos,PDS
30716155680,DARUMA PAGOS S.A.,57681,DPS1P,ON PYME CNV GAR DARUMA S.1 $ CG,OBLIGACION NEGOCIABLE PYME,25/3/2024,25/3/2026,Pesos,DPS
30707923446,AGRO DE SOUZA S.A.,57763,SZ12P,ON PYME AGRO DE SOUZA S.1 CL.2 U$S V21/05/27 CG,OBLIGACION NEGOCIABLE PYME,21/5/2024,21/5/2027,Pesos,SZ
30660920451,GRUAS SAN BLAS S.A,57704,GB21P,ON P GRUAS S BLAS CL1 S2 V22/04/26 $ CG,OBLIGACION NEGOCIABLE PYME,22/4/2024,22/4/2026,Pesos,GB
30640783199,ARGENSUN S.A,57834,AG22P,ON PYME ARGENSUN CL2S2 V14/12/26 U$S CG,OBLIGACION NEGOCIABLE PYME,14/6/2024,14/12/2026,Pesos,AG
30715659340,SAN BAUTISTA DEL SUR SA,58774,SB12L,ON PYME S. BAUTISTA S.1 CL.2 V.04/07/27 U$$ CG,OBLIGACION NEGOCIABLE PYME,4/7/2025,4/7/2027,Pesos,SB
30708847247,EXPRESO LANCIONI S.A,58778,EXS1P,ON PYME LANCIONI S.1 V.10/07/27 $ CG,OBLIGACION NEGOCIABLE PYME,10/7/2025,10/7/2027,Pesos,EXS
30707418849,MERIDIANO NORTE S.A.,57703,NOS2P,ON P MERIDIANO NORTE S.2 V22/04/26 $ CG,OBLIGACION NEGOCIABLE PYME,22/4/2024,22/4/2026,Pesos,NOS
30619780635,PROMEDON S.A.,57710,PB21P,ON PYME PROMEDON S2 CL1 V25/04/26 $ CG,OBLIGACION NEGOCIABLE PYME,25/4/2023,25/4/2026,Pesos,PB
33669088499,PRODEMAN S.A.,58046,PM32P,ON PYME PRODEMAN S3 CL2 V06/03/26 U$S CG,OBLIGACION NEGOCIABLE PYME,6/9/2024,6/3/2026,Pesos,PM
30715857460,HATTRICK ENERGY SAS,58049,HT11P,ON PYME HATTRICK E S1 C1 06/09/26 U$S CG,OBLIGACION NEGOCIABLE PYME,6/9/2024,6/9/2026,Pesos,HT
30714954071,LOS VALIENTES S.A.,57830,LVS1P,ON PYME LOS VALIENTES S.1 $ V11/06/26 CG,OBLIGACION NEGOCIABLE PYME,11/6/2024,11/6/2026,Pesos,LVS
33708830599,TRESNAL AGROPECUARIA S.A.,58373,EP3AP,ON PYME TRES AG. S.3 C.A V26/12/26 $ CG,OBLIGACION NEGOCIABLE PYME,26/12/2024,26/12/2026,Pesos,EP
30715595105,ASPRO SERVICIOS PETROLEROS SA,57860,AV22P,ON PYME ASPRO SA S2 C2 V28/09/26 US$ CG,OBLIGACION NEGOCIABLE PYME,28/6/2024,28/9/2026,Pesos,AV
30711075905,HIDROTEC S.A.,57976,HC22P,ON PYME HIDROTEC S2CL2 V21/08/26 U$S CG,OBLIGACION NEGOCIABLE PYME,21/8/2024,21/8/2026,Pesos,HC
30716620472,ALPARGATAS TEXTIL S.A.,58709,ALC2L,ON PY ALPARGATAS TEXTIL S.1 CL.2 $ CG,OBLIGACION NEGOCIABLE PYME,10/6/2025,10/6/2028,Pesos,ALC
33714669899,COLLINS S.A.,58955,LLS1L,ON PYME COLLINS S.1 23/10/27 $,OBLIGACION NEGOCIABLE PYME,23/10/2025,23/10/2027,Pesos,LLS
30707174702,C&C MEDICAL S S.A.,58668,YSS1L,ON PY C&C MED REG BA IMP S.1 V27/11/26 $ CG,OBLIGACION NEGOCIABLE PYME,27/5/2025,27/11/2026,Pesos,YSS
30547794482,AGRONORTE S.R.L.,58669,OR3AP,ON PYME AGRONORTE S.3 A $ V29/05/27 $ CG,OBLIGACION NEGOCIABLE PYME,29/5/2025,29/5/2027,Pesos,OR
33708830599,TRESNAL AGROPECUARIA S.A.,58779,EP4AP,ON PYME TRESNAL S.4 CL.A V14/07/27 $ CG,OBLIGACION NEGOCIABLE PYME,14/7/2025,14/7/2027,Pesos,EP
30698318895,RICARDO VENTURINO S.A,57995,VE42P,ON PYME R VENTURINO S4 C2 V27/02/26 US$ CG,OBLIGACION NEGOCIABLE PYME,27/8/2024,27/2/2026,Pesos,VE
30707211942,ROLCAR S.A,58134,RYS1P,ON ROLCAR S.1 V17/10/26 $ CG,OBLIGACION NEGOCIABLE PYME,17/10/2024,17/10/2026,Pesos,RYS
30698318895,RICARDO VENTURINO S.A,58944,VES1L,ON PYME RICARDO VENTURINO S.1 21/10/26 USD,OBLIGACION NEGOCIABLE PYME,21/10/2025,21/10/2026,Pesos,VES
30516877223,LILIANA SRL,58595,LNS3P,ON PY LILIANA SRL S.3 V.30/04/27 $ CG,OBLIGACION NEGOCIABLE PYME,30/4/2025,30/4/2027,Pesos,LNS
30712129766,AGRONEA PRODUCCIONES SRL,58799,SA1AP,ON PYME AGRONEA PROD. S.1 CL.A V.24/07/27 $ CG,OBLIGACION NEGOCIABLE PYME,24/7/2025,24/7/2027,Pesos,SA
30690076043,SION S.A.,58973,SNHBP,ON PYME SION S.16 CL.B 03/11/35 UVA,OBLIGACION NEGOCIABLE PYME,3/11/2025,3/11/2035,Pesos,SNHB
30710716923,LATAMLY S.A.,58777,LTS1L,ON PYME LATAMLY S.1 V.08/07/27 $ CG,OBLIGACION NEGOCIABLE PYME,8/7/2025,8/7/2027,Pesos,LTS
30707810927,COMPAÑIA TSB SA,57694,BTS1P,ON PYME COMPAÃ‘IA TSB S.1 V.12/04/26 $ CG,OBLIGACION NEGOCIABLE PYME,12/4/2024,12/4/2026,Pesos,BTS
30503423347,TALLERES METALURGICOS CRUCIANELLI S.A.,58057,TL21P,ON PYME CNV GARANTIZADA S 2 C 1 $ V. 10-09-26,OBLIGACION NEGOCIABLE PYME,10/9/2024,10/9/2026,Pesos,TL
30697172773,PARAMERICA S.A.,58156,PR21P,ON PYME PARAMERICA S2 C1 V22/10/26 $ CG,OBLIGACION NEGOCIABLE PYME,22/10/2024,22/10/2026,Pesos,PR
30710855850,CLORONOR S.A.,58191,OC12P,ON PYME CNV CLORONOR S1C2 V31-10-26 $ CG,OBLIGACION NEGOCIABLE PYME,31/10/2024,31/10/2026,Pesos,OC
30690076043,SION S.A.,59049,SNS1M,ON PYME SION S.1 04/12/26 $,OBLIGACION NEGOCIABLE PYME,4/12/2025,4/12/2026,Pesos,SNS
30714763225,CREATIVE PMO INTERNATIONAL S.A.,58083,CMS1P,ON CREATIVE PMO INT S.1 $ V.24/09/26 CG,OBLIGACION NEGOCIABLE PYME,24/9/2024,24/9/2026,Pesos,CMS
30590762233,ALBERTO J. OLIVERO E HIJOS S.A.,58898,JOS1P,ON PYME ALBERTO J. OLIVERO E HIJOS S.1 29/09/27 $,OBLIGACION NEGOCIABLE PYME,29/9/2025,29/9/2027,Pesos,JOS
30712257357,RDA RENTING S.A.,57939,RD41P,ON PYME RDA RENTING 4 CL1 V09/08/26 $ CG,OBLIGACION NEGOCIABLE PYME,9/8/2024,9/8/2026,Pesos,RD
30707816410,FERRETERIA DEL NORTE SRL,56927,FN1BP,ON P. FERR. DEL NORTE S1 B V22/3/28 $ CG,OBLIGACION NEGOCIABLE SIMPLE,22/3/2023,22/3/2028,Pesos,FN
30589527115,SURCOS S.A.,57588,DRDCO,ON SURCOS 12 CL.C VTO26/02/25 $ CG,OBLIGACION NEGOCIABLE SIMPLE,26/2/2024,26/2/2025,Pesos,DRDC
30707227415,BANCO DE CREDITO Y SECURITIZACION SA,58986,BDCKO,ON BACS CL.19 14/11/26 $,OBLIGACION NEGOCIABLE SIMPLE,14/11/2025,14/11/2026,Pesos,BDCK
33572266449,CARSA SA,53984,CH9BO,O.N. CARSA SERIE 9 CL.B V.15/10/26 $ ESC.,OBLIGACION NEGOCIABLE SIMPLE,25/1/2019,15/10/2026,Pesos,CH
33711217679,INSUGA CHACO S.A,57099,IC2BP,ON PYME INSUGA CHACO 2 B V08/06/28 $ CG,OBLIGACION NEGOCIABLE SIMPLE,8/6/2023,8/6/2028,Pesos,IC
30589527115,SURCOS S.A.,58205,DRFAO,ON SURCOS 14 CL.A V.08/11/26 U$S CG,OBLIGACION NEGOCIABLE SIMPLE,8/11/2024,8/11/2026,Pesos,DRFA
30641056177,CFN S.A.,58848,CFS8O,ON CFN S.8 VTO 22/08/26 $ CG,OBLIGACION NEGOCIABLE SIMPLE,22/8/2025,22/8/2026,Pesos,CFS
30501152826,LABORATORIOS RICHMOND S.A.C.I.F.,57957,LR6BO,ON LABORAT RICH S.6 CL.B V13/08/26 U$S CG,OBLIGACION NEGOCIABLE SIMPLE,13/8/2024,13/8/2026,Pesos,LR
30710125909,NEXO EMPRENDIMIENTOS S.A.,38447,ONXA2,O.N. NEXO EMPRENDIMIENTOS SERIE 1 $ CG,OBLIGACION NEGOCIABLE SIMPLE,4/3/2013,4/3/2015,Pesos,ONXA
30641487267,ACTUAL S.A.,54271,CT91P,ON PYME ACTUAL SA 9 CL.1 V10/06/21 $ CG,OBLIGACION NEGOCIABLE SIMPLE,18/6/2019,10/6/2021,Pesos,CT
30670157799,NUEVO BANCO DEL CHACO S.A.,59056,NHC1O,ON NUEVO BANCO DEL CHACO CL.1 09/12/26 $,OBLIGACION NEGOCIABLE SIMPLE,9/12/2025,9/12/2026,Pesos,NHC
30500011072,BANCO HIPOTECARIO S.A.,58850,HBCAO,ON BANCO HIPOTECARIO CL.10 V22/08/26 U$S CG,OBLIGACION NEGOCIABLE SIMPLE,22/8/2025,22/8/2026,Pesos,HBCA
30589527115,SURCOS S.A.,57729,DRSEO,ON SURCOS 13 VTO30/04/25 $ CG,OBLIGACION NEGOCIABLE SIMPLE,30/4/2024,3/10/2025,Pesos,DRSE
30714322938,CNH INDUSTRIAL CAPITAL ARGENTINA S.A.,57619,CIC6O,ON CNH IND. CL.6 V.28/02/26 U$S C.G.,OBLIGACION NEGOCIABLE SIMPLE,29/2/2024,28/2/2026,Pesos,CIC
30540127251,RUTA 3 AUTOMOTORES SA,58536,UTC3P,ON PYME RUTA 3 AUTOM CL.3 V13/03/27 $ CG,OBLIGACION NEGOCIABLE PYME,13/3/2025,13/3/2027,Pesos,UTC
30690076043,SION S.A.,57550,SNSEP,ON PYME SION CL. 13 18/01/27 UVA CG,OBLIGACION NEGOCIABLE PYME,18/1/2024,18/1/2027,Pesos,SNSE
30714436194,PRIGIONI AGRO SRL,58739,PG11L,ON PYME PRIGIONI S.1 CL.1 $ CG,OBLIGACION NEGOCIABLE PYME,24/6/2025,24/6/2027,Pesos,PG
30541416540,RATTO HNOS S.AC.F.A.,57748,HN12P,ON PYME RATTO HNOS S.1 CL.2 $ V09/05/26 CG,OBLIGACION NEGOCIABLE PYME,9/5/2024,9/5/2026,Pesos,HN
30712257357,RDA RENTING S.A.,58710,RDS1L,ON PYME RDA RENTING S.1 V11/06/27 $ CG,OBLIGACION NEGOCIABLE PYME,11/6/2025,11/6/2027,Pesos,RDS
30712257357,RDA RENTING S.A.,58939,RDS2L,ON PYME RDA RENTING S.2 20/10/27 $,OBLIGACION NEGOCIABLE PYME,20/10/2025,20/10/2027,Pesos,RDS
30714108235,LATITUD 45 PETROLEO Y GAS SA,58303,LA21P,ON LAT 45 PET Y GAS S2 C1-V.10-12-26,OBLIGACION NEGOCIABLE PYME,10/12/2024,10/12/2026,Pesos,LA
30714108235,LATITUD 45 PETROLEO Y GAS SA,58304,LA23P,ON LAT 45 PET Y GAS S2 C3-V.10-12-26 UVA,OBLIGACION NEGOCIABLE PYME,10/12/2024,10/12/2026,Pesos,LA
30718221516,BLM DESARROLLOS SA,58707,LMS1P,ON BLM DESRROLLOS S.1 V. 06/06/27 $ CG,OBLIGACION NEGOCIABLE PYME,6/6/2025,6/6/2027,Pesos,LMS
30503423347,TALLERES METALURGICOS CRUCIANELLI S.A.,58058,TL23P,ON PYME CNV GARANT. S2 C3 U$S V.10-09-26,OBLIGACION NEGOCIABLE PYME,10/9/2024,10/9/2026,Pesos,TL
30678145366,SEGUFER S.A.,57707,UFS3P,ON P SEGUFER S.3 V23/04/26 $ CG,OBLIGACION NEGOCIABLE PYME,23/4/2024,23/4/2026,Pesos,UFS
30678534214,ARBITRA S.A.,59076,AWS1L,ON PYME ARBITRA S.1 16/12/27 $,OBLIGACION NEGOCIABLE PYME,16/12/2025,16/12/2027,Pesos,AWS
30500011072,BANCO HIPOTECARIO S.A.,58474,HBC9O,ON BANCO HIPOTECARIO CL.9 V21/02/26 $ CG,OBLIGACION NEGOCIABLE SIMPLE,21/2/2025,21/2/2026,Pesos,HBC
33572266449,CARSA SA,52696,CHS8O,O.N. CARSA SERIE 8 V. 15/10/26 $ ESC.,OBLIGACION NEGOCIABLE SIMPLE,4/8/2017,15/10/2026,Pesos,CHS
30589527115,SURCOS S.A.,58207,DRFCO,ON SURCOS 14 CL.C V.08/08/25 $ CG,OBLIGACION NEGOCIABLE SIMPLE,8/11/2024,8/8/2025,Pesos,DRFC
30714813583,PAN AMERICAN ENERGY LLC (PAE SUCURSAL),57878,PNZCO,ON PAN AMERICAN ENER 33 V04/07/27 U$S CG,OBLIGACION NEGOCIABLE SIMPLE,4/7/2024,4/7/2027,Pesos,PNZC
30589527115,SURCOS S.A.,57587,DRDAO,ON SURCOS 12 CL.A VTO26/02/26 U$S CG,OBLIGACION NEGOCIABLE SIMPLE,26/2/2024,26/2/2026,Pesos,DRDA
30585581247,INVAP S.E.,57989,NV61O,ON INVAP CL 6 S 1 VTO 26/08/26 U$S ESC,OBLIGACION NEGOCIABLE SIMPLE,26/8/2024,26/8/2026,Pesos,NV
30697265895,BANCO DE SERVICIOS FINANCIEROS S.A.,58686,BSCRO,ON BCO.SERV. FINANC. 26 V02/06/26 $ CG,OBLIGACION NEGOCIABLE SIMPLE,2/6/2025,2/6/2026,Pesos,BSCR
30517637498,BANCO COLUMBIA S.A.,56034,BUC2O,ON BCO COLUMBIA CL.2 SUB V.31/03/29 $ CG,OBLIGACION NEGOCIABLE SIMPLE,31/3/2022,31/3/2029,Pesos,BUC
30641487267,ACTUAL S.A.,54272,CT92P,ON PYME ACTUAL SA 9 CL.2 V10/07/21 $ CG,OBLIGACION NEGOCIABLE SIMPLE,18/6/2019,10/7/2021,Pesos,CT
33550300899,SANTIAGO SAENZ S.A.,52604,SSC1O,O.N.SANTIAGO SAENZ CL.1 V.06/07/20 $ CG,OBLIGACION NEGOCIABLE SIMPLE,6/7/2017,29/12/2025,Pesos,SSC
30563598111,PETROQUIMICA COMODORO RIVADAVIA S.A,57895,PQCQO,ON PETROQUIMICA CL.Q V16/07/27 U$S CG,OBLIGACION NEGOCIABLE SIMPLE,16/7/2024,16/7/2027,Pesos,PQCQ
30525966859,RIBEIRO S.A.C.I.F.A. E I.,51764,RIP1O,O.N. RIBEIRO CL P S.1 V.30/6/26 $ C.G.,OBLIGACION NEGOCIABLE SIMPLE,18/8/2016,30/6/2026,Pesos,RIP
30682504125,ALBANESI S.A.,83471,LEC9O,ON ALBANESI 9 VTO13/02/26 UVA CG,OBLIGACION NEGOCIABLE SIMPLE,13/2/2023,13/2/2026,Pesos,LEC
30639453738,TELECOM ARGENTINA S.A.,57485,TLCKO,ON TELECOM CL. 19 V17/11/26 U$S CG,OBLIGACION NEGOCIABLE SIMPLE,17/11/2023,17/11/2026,Pesos,TLCK
30639453738,TELECOM ARGENTINA S.A.,57800,TLCLO,ON TELECOM CL.20 V06/06/26 U$S CG,OBLIGACION NEGOCIABLE SIMPLE,6/6/2024,6/6/2026,Pesos,TLCL
30707847367,PSA FINANCE ARGENTINA CIA FINANCIERA SA,58366,PSSWO,ON PSA FINANCE ARG CIA FIN S.30 $ CG,OBLIGACION NEGOCIABLE SIMPLE,23/12/2024,23/6/2026,Pesos,PSSW
30546689979,YPF S.A.,83809,YMCWO,ON YPF CLASE 30 U$S VTO 01/07/26 C.G,OBLIGACION NEGOCIABLE SIMPLE,1/7/2024,1/7/2026,Pesos,YMCW
30682504125,ALBANESI S.A.,57965,LECJO,ON ALBANESI ENERG. CL.18 V30/08/27 UVA CG,OBLIGACION NEGOCIABLE SIMPLE,30/8/2024,30/8/2027,Pesos,LECJ
30516139451,GEORGALOS HERMANOS Y CIA,56860,GE21P,ON PYME GEORGALOS S2 CL1 V22/02/26 $ CG,OBLIGACION NEGOCIABLE SIMPLE,22/2/2023,22/2/2026,Pesos,GE
30525966859,RIBEIRO S.A.C.I.F.A. E I.,51010,RICOO,O.N. RIBEIRO CLASE O V.30/06/20 $ C.G.,OBLIGACION NEGOCIABLE SIMPLE,13/11/2015,30/6/2020,Pesos,RICO
30525966859,RIBEIRO S.A.C.I.F.A. E I.,53595,RIS1O,O.N.RIBEIRO CL. S S.1 V.30/6/28 $ C.G,OBLIGACION NEGOCIABLE SIMPLE,28/6/2018,30/6/2028,Pesos,RIS
30506733932,CIA GENERAL DE COMBUSTIBLES S.A.,84925,CP35O,ON CIA GEN.COMB. CL.35 V28/02/26 US$ CG,OBLIGACION NEGOCIABLE SIMPLE,28/6/2024,28/2/2026,Pesos,CP
30639453738,TELECOM ARGENTINA S.A.,57484,TLCJO,ON TELECOM CL. 18 V17/11/27 UVA CG,OBLIGACION NEGOCIABLE SIMPLE,17/11/2023,17/11/2027,Pesos,TLCJ
30692304884,FCA CIA. FINANCIERA SA,58684,FTM2O,ON FCA COMP.F CL21 S.2 V.30/05/26 $ CG,OBLIGACION NEGOCIABLE SIMPLE,30/5/2025,30/5/2026,Pesos,FTM
30682504125,ALBANESI S.A.,57575,LECDO,ON ALBANESI ENERGIA 12 V14/02/26 U$S CG,OBLIGACION NEGOCIABLE SIMPLE,14/2/2024,14/2/2026,Pesos,LECD
30682504125,ALBANESI S.A.,56839,LEC9O,ON ALBANESI 9 VTO13/02/26 UVA CG,OBLIGACION NEGOCIABLE SIMPLE,13/2/2023,13/2/2026,Pesos,LEC
30525966859,RIBEIRO S.A.C.I.F.A. E I.,52203,RIQ1O,O.N. RIBEIRO CL Q S.1 V.30/06/24 $ C.G.,OBLIGACION NEGOCIABLE SIMPLE,31/12/2016,30/6/2024,Pesos,RIQ
30600615889,SPECIAL GRAINS S.A/PETROAGRO S.A.,57438,SOC3O,ON SPECIAL GRAINS SA CL.3 V.11/10/26 US$ CG,OBLIGACION NEGOCIABLE SIMPLE,11/10/2023,11/10/2026,Pesos,SOC
30629827060,CAPEX S.A.,57880,CACAO,ON CAPEX CL.10 U$S V.5/07/27 C.G.,OBLIGACION NEGOCIABLE SIMPLE,5/7/2023,5/7/2027,Pesos,CACA
30593174057,RIZOBACTER ARGENTINA S.A.,58259,RZAAO,ON RIZOBACTER S.10 CL.A V28/11/26 U$S CG,OBLIGACION NEGOCIABLE SIMPLE,28/11/2024,28/11/2026,Pesos,RZAA
30692304884,FCA CIA. FINANCIERA SA,58274,FTL2O,ON FCA COMP.F CL20 S.2 V.01/03/26 $ CG,OBLIGACION NEGOCIABLE SIMPLE,29/11/2024,1/3/2026,Pesos,FTL
30506733932,CIA GENERAL DE COMBUSTIBLES S.A.,57585,CP33O,ON CIA GEN.COMB. CL.33 V23/02/26 US$ CG,OBLIGACION NEGOCIABLE SIMPLE,23/2/2024,23/2/2026,Pesos,CP
30639453738,TELECOM ARGENTINA S.A.,57937,TLCNO,ON TELECOM CL.22 V06/02/26 U$S CG,OBLIGACION NEGOCIABLE SIMPLE,6/8/2024,6/2/2026,Pesos,TLCN
30682504125,ALBANESI S.A.,57964,LECIO,ON ALBANESI ENERG. CL.17 V28/08/28 U$S CG,OBLIGACION NEGOCIABLE SIMPLE,28/8/2024,28/8/2028,Pesos,LECI
33715184139,GENERACION LITORAL SA,56906,GOC3O,ON GENERA. LITORAL CL3 V.28/03/36 U$S CG,OBLIGACION NEGOCIABLE SIMPLE,8/3/2023,28/3/2036,Pesos,GOC
30713722703,OZOG VIAL S.R.L,56725,OV1BP,ON PYME OZOG VIAL 1 CL. B V23/12/27 $ CG,OBLIGACION NEGOCIABLE SIMPLE,23/12/2022,23/12/2027,Pesos,OV
30510968413,SUC. DE GUSTAVO LAGERHEIM S.A.,56893,SG1BP,ON PYME SUGLA SA S1 CL. B $ V08/03/28 CG,OBLIGACION NEGOCIABLE SIMPLE,8/3/2023,8/3/2028,Pesos,SG
30502793175,ARCOR S.A.I.C.,59072,RC3CO,ON ARCOR CL.3 15/12/26 $,OBLIGACION NEGOCIABLE SIMPLE,15/12/2025,15/12/2026,Pesos,RC
30665234114,GENNEIA S.A.,56837,GN38O,ON GENNEIA CL.38 V.10/02/33 U$S C.G,OBLIGACION NEGOCIABLE SIMPLE,10/2/2023,10/2/2033,Pesos,GN
30525966859,RIBEIRO S.A.C.I.F.A. E I.,52944,RIR1O,O.N.RIBEIRO CL. R S.1 V.30/6/27 $ C.G,OBLIGACION NEGOCIABLE SIMPLE,27/10/2017,30/6/2027,Pesos,RIR
30708633417,GRUPO ST S.A.,57578,STCAO,ON GRUPO ST CL. 10 V19/02/26 $ CG,OBLIGACION NEGOCIABLE SIMPLE,19/2/2024,19/2/2026,Pesos,STCA
30502793175,ARCOR S.A.I.C.,58625,RCCTO,ON ARCOR CL.27 V09/05/26 $ CG,OBLIGACION NEGOCIABLE SIMPLE,9/5/2025,9/5/2026,Pesos,RCCT
30708142693,AGROBICIUFFA SRL,57134,AB1BP,ON P AGROBICIUFFA 1 CL.B V16/06/28 $ CG,OBLIGACION NEGOCIABLE SIMPLE,16/6/2023,16/6/2028,Pesos,AB
30682504125,ALBANESI S.A.,58225,LECLO,ON ALBANESI ENERG.CL.20 V01/11/31 U$S CG,OBLIGACION NEGOCIABLE SIMPLE,8/11/2024,1/11/2031,Pesos,LECL
30707923446,AGRO DE SOUZA S.A.,57762,SZ11P,ON PYME AGRO DE SOUZA S.1 CL.1 $ V21/05/26 CG,OBLIGACION NEGOCIABLE PYME,21/5/2024,21/5/2026,Pesos,SZ
30693383427,PRODUSEM S.A.,57720,PO22P,ON PYME PRODUSEM S2 CL2 U$S V30/04/26 CG,OBLIGACION NEGOCIABLE PYME,30/4/2024,30/4/2026,Pesos,PO
30539301388,GARRO FABRIL S.A,58044,GF2BP,ON PYME GARRO FABRIL S.2 C.B U$S C.G.,OBLIGACION NEGOCIABLE PYME,6/9/2024,6/9/2026,Pesos,GF
30715744941,YACOPINI MIRAI S.A.,58596,YIS2P,ON PYME YACOPINI S.2 V.30/04/26 $ C.G.,OBLIGACION NEGOCIABLE PYME,30/4/2025,30/4/2026,Pesos,YIS
33715043519,GESTION DE PRESTAMOS Y COBRANZAS,58137,GZS2P,ON GESTION PRES.COB PYME CNV GAR.S2 $ CG,OBLIGACION NEGOCIABLE PYME,18/10/2024,18/4/2026,Pesos,GZS
30672812808,CEDISUR S.A.,57981,CRS1P,ON PYME CEDISUR S.1 V22/08/26 $ CG,OBLIGACION NEGOCIABLE PYME,22/8/2024,22/8/2026,Pesos,CRS
30500645772,MERANOL S.A.C.I.,58346,MRCXP,ON MERANOL PYME CLASE 31 V.19-6-26 U$S CG,OBLIGACION NEGOCIABLE PYME,19/12/2024,19/6/2026,Pesos,MRCX
30692304884,FCA CIA. FINANCIERA SA,58685,FTM3O,ON FCA COMP.F CL21 S.3 V.30/05/26 $ CG,OBLIGACION NEGOCIABLE SIMPLE,30/5/2025,30/5/2026,Pesos,FTM
30516420444,BANCO MARIVA S.A.,58916,WBS2O,ON BANCO MARIVA S.2 01/04/26 USD,OBLIGACION NEGOCIABLE SIMPLE,8/10/2025,1/4/2026,Pesos,WBS
30712101136,CREDITO DIRECTO S.A.,59117,CXCWO,ON CREDITO DIRECTO CL.30 22/06/26 $,OBLIGACION NEGOCIABLE SIMPLE,22/12/2025,22/6/2026,Pesos,CXCW
30708633417,GRUPO ST S.A.,57579,STCBO,ON GRUPO ST CL. 11 V19/02/26 U$S CG,OBLIGACION NEGOCIABLE SIMPLE,19/2/2024,19/2/2026,Pesos,STCB
30525966859,RIBEIRO S.A.C.I.F.A. E I.,38232,RICLO,ON RIBEIRO CLASE L $ C.G.,OBLIGACION NEGOCIABLE SIMPLE,5/12/2012,30/6/2023,Pesos,RICL
30546689979,YPF S.A.,57855,YMCWO,ON YPF CLASE 30 U$S VTO 01/07/26 C.G,OBLIGACION NEGOCIABLE SIMPLE,1/7/2024,1/7/2026,Pesos,YMCW
30682419578,VOLKSWAGEN FINANCIAL SERVICES COMPAÑIA FINANCIERA SA,59064,VWCDO,ON VOLKSWAGEN FINANCIAL SERVICES CL.12 11/12/2,6O $BLIGACION NEGOCIABLE SIMPLE,11/12/2025,11/12/2026,Pesos,VWCD
30707847367,PSA FINANCE ARGENTINA CIA FINANCIERA SA,59094,PS36O,ON PSA FINANCE ARGENTINA COMPAÃ‘IA FINANCIER,AO SB.3L6IG 1A9C/I0O9N/2 N6E $GOCIABLE SIMPLE,19/12/2025,19/9/2026,Pesos,PS
30604731018,BANCO COMAFI S.A.,58526,AFCBO,ON BANCO COMAFI CL.11 V10/03/26 $ CG,OBLIGACION NEGOCIABLE SIMPLE,10/3/2025,10/3/2026,Pesos,AFCB
30604731018,BANCO COMAFI S.A.,58527,AFCDO,ON BANCO COMAFI CL.12 V10/03/26 $ CG,OBLIGACION NEGOCIABLE SIMPLE,10/3/2025,10/3/2026,Pesos,AFCD
30604731018,BANCO COMAFI S.A.,58658,AFCGO,ON BANCO COMAFI CL.15 23/05/26 $ CG,OBLIGACION NEGOCIABLE SIMPLE,23/5/2025,23/5/2026,Pesos,AFCG
30716837994,AFS GROUP S.A.,59046,FSS1L,ON PYME AFS GROUP S.1 04/12/27 $,OBLIGACION NEGOCIABLE PYME,4/12/2025,4/12/2027,Pesos,FSS
33657476639,MADERO HARBOUR S.A.,58281,HA11P,ON MADERO HARB S.1 CL.1 V.05/12/26 $ CG,OBLIGACION NEGOCIABLE PYME,5/12/2024,5/12/2026,Pesos,HA
30654691726,RADIADORES PRATS S.A.,58270,ROS2P,ON RADIADORES PRATS S.2 V28/11/26 $ CG,OBLIGACION NEGOCIABLE PYME,28/11/2024,28/11/2026,Pesos,ROS
30707923446,AGRO DE SOUZA S.A.,58330,SZ22P,ON AGRO DE SOUZA S.2 C.2 V17/12/26 $ CG,OBLIGACION NEGOCIABLE PYME,17/12/2024,17/12/2026,Pesos,SZ
30690967541,PATAGONIA FRUITS TRADE S.A,58007,PF3AP,ON PATAG.FRUIT.S3 CL.A V.30/08/26 U$S CG,OBLIGACION NEGOCIABLE PYME,30/8/2024,30/8/2026,Pesos,PF
30690967541,PATAGONIA FRUITS TRADE S.A,58008,PF3BP,ON PATAG FRUIT S.3 CL.B 30/08/26 $ CG,OBLIGACION NEGOCIABLE PYME,30/8/2024,30/8/2026,Pesos,PF
33669088499,PRODEMAN S.A.,58045,PM31P,ON PYME PRODEMAN S3 CL1 V06/09/26 $ CG,OBLIGACION NEGOCIABLE PYME,6/9/2024,6/9/2026,Pesos,PM
30708658819,AGROIDEAS S.A,59018,RAS4P,ON PYME AGROIDEAS S.4 15/10/27 $,OBLIGACION NEGOCIABLE PYME,28/11/2025,15/10/2027,Pesos,RAS
30501863129,RICARDO ALMAR E HIJOS S.A.,58410,AHC2P,ON PYME RICARDO ALMAR CL.2 $ V27/01/27,OBLIGACION NEGOCIABLE PYME,27/1/2025,27/1/2027,Pesos,AHC
30619780635,PROMEDON S.A.,57715,PB22P,ON PYME PROMEDON S2 CL2 V25/04/26 U$S CG,OBLIGACION NEGOCIABLE PYME,25/4/2024,25/4/2026,Pesos,PB
30660920451,GRUAS SAN BLAS S.A,59029,GBS1L,ON PYME GRUAS SAN BLAS S.1 28/11/2026 $,OBLIGACION NEGOCIABLE PYME,28/11/2025,28/11/2027,Pesos,GBS
30539301388,GARRO FABRIL S.A,58040,GF2AP,ON PYME GARRO FABRIL S.1 C.A $ C.G.,OBLIGACION NEGOCIABLE PYME,6/9/2024,6/9/2026,Pesos,GF
30665234114,GENNEIA S.A.,57863,GN46O,ON GENNEIA CL. 46 V27/06/26 U$S CG,OBLIGACION NEGOCIABLE SIMPLE,27/6/2024,27/6/2026,Pesos,GN
30707847367,PSA FINANCE ARGENTINA CIA FINANCIERA SA,59092,PS34O,ON PSA FINANCE ARGENTINA COMPAÃ‘IA FINANCIER,AO SB.3L4IG 1A9C/I1O2N/2 N7E UGVOACIABLE SIMPLE,19/12/2025,19/12/2027,Pesos,PS
30692304884,FCA CIA. FINANCIERA SA,58683,FTM1O,ON FCA COMP.F CL21 S.1 V.30/05/27 UVA CG,OBLIGACION NEGOCIABLE SIMPLE,30/5/2025,30/5/2027,Pesos,FTM
30655116202,EDENOR S.A.,58826,DNC9O,ON EDENOR CL.9 V.07/08/26 $ CG,OBLIGACION NEGOCIABLE SIMPLE,7/8/2025,7/8/2026,Pesos,DNC
30546689979,YPF S.A.,57433,YMCTO,ON YPF CL. 27 VTO10/10/26 U$S CG EF,OBLIGACION NEGOCIABLE SIMPLE,10/10/2023,10/10/2026,Pesos,YMCT
30665234114,GENNEIA S.A.,57479,GN42O,ON GENNEIA 42 V16/05/27 U$S CG EF,OBLIGACION NEGOCIABLE SIMPLE,16/11/2023,16/5/2027,Pesos,GN
30665234114,GENNEIA S.A.,57645,GN44O,ON GENNEIA CL. 44 V08/03/26 U$SCG,OBLIGACION NEGOCIABLE SIMPLE,8/3/2024,8/3/2026,Pesos,GN
30525966859,RIBEIRO S.A.C.I.F.A. E I.,38849,RICMO,O.N. RIBEIRO CLASE M $ C.G.,OBLIGACION NEGOCIABLE SIMPLE,16/8/2013,30/6/2024,Pesos,RICM
30525966859,RIBEIRO S.A.C.I.F.A. E I.,37767,RIK3O,ON RIBEIRO CLASE K2 SERIE 1 $ C.G.,OBLIGACION NEGOCIABLE SIMPLE,12/2/2012,30/6/2022,Pesos,RIK
30682504125,ALBANESI S.A.,57377,LECAO,ON ALBANESI ENERGIA 10 V21/09/25 U$S CG,OBLIGACION NEGOCIABLE SIMPLE,21/9/2023,21/9/2027,Pesos,LECA
30525966859,RIBEIRO S.A.C.I.F.A. E I.,37517,RIK1O,ON RIBEIRO CLASE K SERIE 1 $ C.G.,OBLIGACION NEGOCIABLE SIMPLE,21/12/2011,30/6/2021,Pesos,RIK
30707807810,OVOPROT INTERNATIONAL SA,51776,VP00P,O.N. PYME OVOPROT V. 24/08/19 $ C.G.,OBLIGACION NEGOCIABLE SIMPLE,24/8/2016,26/8/2019,Pesos,VP
30682504125,ALBANESI S.A.,57963,LECHO,ON ALBANESI ENERG. CL.16 V28/08/27 U$S CG,OBLIGACION NEGOCIABLE SIMPLE,28/8/2024,28/8/2027,Pesos,LECH
30682419578,VOLKSWAGEN FINANCIAL SERVICES COMPA?IA FINANCIERA SA,59065,VWCEO,ON VOLKSWAGEN FINANCIAL SERVICES CL.13 11/09/2,6O $BLIGACION NEGOCIABLE SIMPLE,11/12/2025,11/9/2026,Pesos,VWCE
30506733932,CIA GENERAL DE COMBUSTIBLES S.A.,59087,CP39O,ON COMPAÃ‘IA GENERAL DE COMBUSTIBLES CL.39 29,/O03B/L2IG7A UCSIDON NEGOCIABLE SIMPLE,29/12/2025,29/3/2027,Pesos,CP
33715184139,GENERACION LITORAL SA,56904,GOC1O,ON GENERA. LITORAL CL1 V.28/09/29 U$S CG,OBLIGACION NEGOCIABLE SIMPLE,8/3/2023,28/9/2029,Pesos,GOC
30525966859,RIBEIRO S.A.C.I.F.A. E I.,53596,RIS2O,O.N.RIBEIRO CL. S S.2 V.30/6/28 $ C.G,OBLIGACION NEGOCIABLE SIMPLE,28/6/2018,30/6/2028,Pesos,RIS
30525966859,RIBEIRO S.A.C.I.F.A. E I.,39704,39704,O.N. RIBEIRO CLASE N $ C.G.,OBLIGACION NEGOCIABLE SIMPLE,26/8/2014,30/6/2024,Pesos,397
30692304884,FCA CIA. FINANCIERA SA,58273,FTL1O,ON FCA COMP.F CL20 S.1 V.29/05/27 UVA CG,OBLIGACION NEGOCIABLE SIMPLE,29/11/2024,29/5/2027,Pesos,FTL
30506733932,CIA GENERAL DE COMBUSTIBLES S.A.,57864,CP35O,ON CIA GEN.COMB. CL.35 V28/02/26 US$ CG,OBLIGACION NEGOCIABLE SIMPLE,28/6/2024,28/2/2026,Pesos,CP
30593174057,RIZOBACTER ARGENTINA S.A.,57857,RZ9AO,ON RIZOBACTER 9 CL. A U$S VTO28/06/26 CG,OBLIGACION NEGOCIABLE SIMPLE,28/6/2024,28/6/2026,Pesos,RZ
30707847367,PSA FINANCE ARGENTINA CIA FINANCIERA SA,59093,PS35O,ON PSA FINANCE ARGENTINA COMPAÃ‘IA FINANCIER,AO SB.3L5IG 1A9C/I1O2N/2 N6E $GOCIABLE SIMPLE,19/12/2025,19/12/2026,Pesos,PS
30500001735,BANCO DE GALICIA Y BUENOS AIRES S.A.,58449,BYCMO,ON BCO GALICIA CL.21 V10/02/26 $ CG,OBLIGACION NEGOCIABLE SIMPLE,10/2/2025,10/2/2026,Pesos,BYCM
30714814229,PETROLERA ACONCAGUA ENERGIA S.A.,57897,PECDO,ON PETRO.ACON.CL.12 V.18/07/26 U$S CG,OBLIGACION NEGOCIABLE SIMPLE,18/7/2024,18/7/2026,Pesos,PECD
30716999498,MERCADO PAGO SERVICIOS DE PROCESAMIENTO S.R.L.,58794,SXC1O,ON MERCADO PAGO CL.1 V.18/07/26 $ CG,OBLIGACION NEGOCIABLE SIMPLE,18/7/2025,18/7/2026,Pesos,SXC
30500001735,BANCO DE GALICIA Y BUENOS AIRES S.A.,58608,BYCQO,ON BCO GALICIA CL.25 V.30/04/26 $ CG,OBLIGACION NEGOCIABLE SIMPLE,30/4/2025,30/4/2026,Pesos,BYCQ
30500001735,BANCO DE GALICIA Y BUENOS AIRES S.A.,58287,BYCJO,ON BCO GALICIA CL.18 V.30/04/25 $ CG,OBLIGACION NEGOCIABLE SIMPLE,4/12/2024,30/4/2025,Pesos,BYCJ
30714155128,MSU GREEN ENERGY S.A.U.,57456,EAC2O,ON E.RENOV. LAS LOMAS CL.2 V12/10/33 US$ CG,OBLIGACION NEGOCIABLE SIMPLE,12/10/2023,12/10/2033,Pesos,EAC
30714814229,PETROLERA ACONCAGUA ENERGIA S.A.,58818,PECJO,ON PETRO. ACONCAGUA 18 V25/08/30 $ CG,OBLIGACION NEGOCIABLE SIMPLE,25/8/2025,25/8/2030,Pesos,PECJ
30655942382,PLAZA LOGISTICA S.R.L.,57640,PZCDO,ON PLAZA LOGISTICA 12 V08/03/26 UVA CG,OBLIGACION NEGOCIABLE SIMPLE,8/3/2024,8/3/2026,Pesos,PZCD
30704960995,BANCO DE SERVICIOS Y TRANSACCIONES S.A.,58784,BVCNO,ON BCO DE SERV Y TRANS 22 V15/01/26 $ CG,OBLIGACION NEGOCIABLE SIMPLE,15/7/2025,15/1/2026,Pesos,BVCN
30714814229,PETROLERA ACONCAGUA ENERGIA S.A.,58820,PECLO,ON PETRO. ACONCAGUA 20 V25/08/32 $ CG,OBLIGACION NEGOCIABLE SIMPLE,25/8/2025,25/8/2032,Pesos,PECL
33500005179,BANCO SUPERVIELLE S.A.,58438,BPCLO,ON BCO SUPERVIELLE CL.L V07/02/26 $ CG,OBLIGACION NEGOCIABLE SIMPLE,7/2/2025,7/2/2026,Pesos,BPCL
30576614299,BANCO CMF S.A.,58440,BCCJO,ON BCO CMF C.18 V06/02/26 $ CG,OBLIGACION NEGOCIABLE SIMPLE,6/2/2025,6/2/2026,Pesos,BCCJ
30716684594,ASOCIACION CIVIL SUMATORIA PARA UNA NUEVA ECONOMIA,58377,ENC6P,ON PYME ASO.CIV.SUM CL.6 V23/12/26 $ CG,OBLIGACION NEGOCIABLE PYME,23/12/2024,23/12/2026,Pesos,ENC
30714228346,FERRETERA CENTRAL JT S.R.L.,58167,JTS1P,ON PYME FERRET CENT S.1 V.25/04/26 $ CG,OBLIGACION NEGOCIABLE PYME,25/10/2024,25/4/2026,Pesos,JTS
30592486268,ZAFRA S.A.,58789,ZF3BP,ON PYME ZAFRA S.3 CL.B V.18/07/27 U$S CG,OBLIGACION NEGOCIABLE PYME,18/7/2025,18/7/2027,Pesos,ZF
30542790780,AGROTECNOLOGIA SALA S.A.,57979,AT2AP,ON P AGROTECN SALA S2CA V23/08/26 $ CG,OBLIGACION NEGOCIABLE PYME,23/8/2024,23/8/2026,Pesos,AT
30707912673,DEMAGRO S.R.L,57609,DM1BP,ON P CNV G DEMAGRO S1CB V28/02/26 U$S CG,OBLIGACION NEGOCIABLE PYME,29/2/2024,28/2/2026,Pesos,DM
30710685696,TRACE GROUP S.A.,57595,GU12P,ON P CNV GAR T.GROUP C1S2 V28/02/26 $ CG,OBLIGACIÓN NEGOCIABLE PYME,28/2/2024,28/2/2026,Pesos,GU
30714814229,PETROLERA ACONCAGUA ENERGIA S.A.,58823,PECMO,ON PETRO. ACONCAGUA 21 V25/08/32 U$S CG,OBLIGACION NEGOCIABLE SIMPLE,25/8/2025,25/8/2032,Pesos,PECM
30655942382,PLAZA LOGISTICA S.R.L.,57807,PZCEO,ON PLAZA LOGISTICA 13 V07/06/27 UVA CG,OBLIGACION NEGOCIABLE SIMPLE,7/6/2024,7/6/2027,Pesos,PZCE
30709000426,TOYOTA COMPANIA FINANCIERA DE ARGENTINA,58284,TYCZO,ON TOYOTA CIA.FIN. 33 V.06/06/26 $ C.G.,OBLIGACION NEGOCIABLE SIMPLE,6/12/2024,6/6/2026,Pesos,TYCZ
30707012672,NAVARRO S.A.,58181,NV11P,ON NAVARRO S.1 CL.1 V.29/10/26 U$S CG,OBLIGACION NEGOCIABLE PYME,29/10/2024,29/10/2026,Pesos,NV
30708587415,HECTOR A. BERTONE SA,57993,EH23P,ON PYME H BERTONE S.2 CL.3 V23/02/26 U$S CG,OBLIGACION NEGOCIABLE PYME,23/8/2024,23/2/2026,Pesos,EH
33688256149,INTERCONNECT S.A.,58744,INS1L,ON PYME INTERCONNECT S.1 $ CG,OBLIGACION NEGOCIABLE PYME,26/6/2025,26/6/2027,Pesos,INS
30542790780,AGROTECNOLOGIA SALA S.A.,57980,AT2BP,ON P AGROTECN SALA S2CB V23/08/26 U$S CG,OBLIGACION NEGOCIABLE PYME,23/8/2024,23/8/2026,Pesos,AT
30519527703,TERMOELECTRICA SA,58094,EL31P,ON PYME CNV TERMOEL GAR. S.3 CL.1 U$S CG,OBLIGACION NEGOCIABLE PYME,2/10/2024,2/10/2027,Pesos,EL
30715157299,GALERENT S.A.,58376,GLS1P,ON PYME GALERENT S.1 $ CG,OBLIGACION NEGOCIABLE PYME,23/12/2024,23/6/2026,Pesos,GLS
30715980246,WIN S.A.S.,56760,WI1BP,ON PYME CNV WIN S1 CL.B V.28/12/27 $ CG,OBLIGACION NEGOCIABLE PYME,28/12/2022,28/12/2027,Pesos,WI
30707651675,CAIMAN SRL,58186,CA2AP,ON PYME CNV CAIMAN S.2 C.A $ V.30/10/26,OBLIGACION NEGOCIABLE PYME,30/10/2024,30/10/2026,Pesos,CA
30574564367,KLONAL SRL,57959,KLS1P,ON PYME KLONAL S.1 V14/08/26 $ CG,OBLIGACION NEGOCIABLE PYME,14/8/2024,14/8/2026,Pesos,KLS
30561785402,AUTOTRANSPORTES ANDESMAR S.A.,57695,ME11P,ON PYME AUTOTR. ANDESMAR S.1 CL.1 $ V18/04/26,OBLIGACION NEGOCIABLE PYME,18/4/2024,18/4/2026,Pesos,ME
30641234601,BISORDI KREMAR SRL,58048,KR1BP,ON BISORDI KR SER.1 CL.B VTO.5/9/29 $ CG,OBLIGACION NEGOCIABLE PYME,5/9/2024,5/9/2029,Pesos,KR
30709346268,CROWN POINT ENERGIA S.A.,58781,CWC7O,ON CROWN POINT CL.7 V11/07/27 U$S CG,OBLIGACION NEGOCIABLE SIMPLE,11/7/2025,11/7/2027,Pesos,CWC
30655942382,PLAZA LOGISTICA S.R.L.,58687,ZPC1O,ON PLAZA LOGISTICA CL.1 V02/12/26 $ CG,OBLIGACION NEGOCIABLE SIMPLE,2/6/2025,2/12/2026,Pesos,ZPC
30509300700,CRESUD S.A.C.I.F. Y A.,57899,CS46O,ON CRESUD S30 CL46 V18/07/27 U$S CG,OBLIGACION NEGOCIABLE SIMPLE,18/7/2024,18/7/2027,Pesos,CS
30709000426,TOYOTA COMPANIA FINANCIERA DE ARGENTINA,58663,TY36O,ON TOYOTA CIA.FIN. 36 V.26/05/27 UVA C.G.,OBLIGACION NEGOCIABLE SIMPLE,26/5/2025,26/5/2027,Pesos,TY
30714814229,PETROLERA ACONCAGUA ENERGIA S.A.,57600,PEC8O,ON PETRO.ACON.CL.8 V.28/02/27 U$S CG,OBLIGACION NEGOCIABLE SIMPLE,29/2/2024,28/2/2027,Pesos,PEC
30709000426,TOYOTA COMPANIA FINANCIERA DE ARGENTINA,58661,TY34O,ON TOYOTA CIA.FIN. 34 V.26/02/27 $ C.G.,OBLIGACION NEGOCIABLE SIMPLE,26/5/2025,26/2/2027,Pesos,TY
30714155128,MSU GREEN ENERGY S.A.U.,57455,EAC1O,ON E.RENOV. LAS LOMAS CL.1 V12/10/26 US$ CG,OBLIGACION NEGOCIABLE SIMPLE,12/10/2023,12/10/2026,Pesos,EAC
30714814229,PETROLERA ACONCAGUA ENERGIA S.A.,58030,PECFO,ON PETRO.ACON.CL.14 V.04/09/25 $ CG,OBLIGACION NEGOCIABLE SIMPLE,4/9/2024,4/9/2025,Pesos,PECF
30682434720,GENERACION MEDITERRANEA S.A.,56148,GMCJO,ON GEN. MEDITERRANEA CL.18 UVA C.G,OBLIGACION NEGOCIABLE SIMPLE,23/5/2022,28/11/2028,Pesos,GMCJ
30709000426,TOYOTA COMPANIA FINANCIERA DE ARGENTINA,58662,TY35O,ON TOYOTA CIA.FIN. 35 V.26/05/26 $ C.G.,OBLIGACION NEGOCIABLE SIMPLE,26/5/2025,26/5/2026,Pesos,TY
30682434720,GENERACION MEDITERRANEA S.A.,55488,GMCGO,ON GENER.MED CL.15 UVA V.28/01/28 C.G,OBLIGACION NEGOCIABLE SIMPLE,16/7/2021,28/1/2028,Pesos,GMCG
30714814229,PETROLERA ACONCAGUA ENERGIA S.A.,57364,PEC6O,ON PETRO.ACON.CL.6 U$S V.14/09/26 CG,OBLIGACION NEGOCIABLE SIMPLE,14/9/2023,14/9/2026,Pesos,PEC
30501062150,CELULOSA ARGENTINA S.A.,57761,CRCKO,ON CELULOSA ARG CL 19 V16/05/25 $ CG,OBLIGACION NEGOCIABLE SIMPLE,16/5/2024,16/5/2025,Pesos,CRCK
30714814229,PETROLERA ACONCAGUA ENERGIA S.A.,58819,PECKO,ON PETRO. ACONCAGUA 19 V25/08/30 U$S CG,OBLIGACION NEGOCIABLE SIMPLE,25/8/2025,25/8/2030,Pesos,PECK
30709159182,YACOPINI SUD SA,58760,SYS1P,ON PYME YACOPINI SUD S.1 $ CG,OBLIGACION NEGOCIABLE PYME,30/6/2025,30/6/2026,Pesos,SYS
33708128649,ESTACION DE SERVICIOS 25 DE MAYO SRL,57977,VM1AP,ON EST SERV 25 DE MAYO S1 CA V21/08/26 $ CG,OBLIGACION NEGOCIABLE PYME,21/8/2024,21/8/2026,Pesos,VM
30547794482,AGRONORTE S.R.L.,57740,OR2AP,ON PYME AGRONORTE S.2 CL.A $ V07/05/26 CG,OBLIGACION NEGOCIABLE PYME,7/5/2024,7/5/2026,Pesos,OR
33708128649,ESTACION DE SERVICIOS 25 DE MAYO SRL,57978,VM1BP,ON EST SERV 25 DE MAYO S1 CB V21/08/27 $ CG,OBLIGACION NEGOCIABLE PYME,21/8/2024,21/8/2027,Pesos,VM
30503339788,ESKABE S.A.,58018,EK21P,ON PYME ESKABE C.2 S.1 VTO.30/8/2026 $ CG,OBLIGACION NEGOCIABLE PYME,30/8/2024,30/8/2026,Pesos,EK
30711913439,PRESIDENT PETROLEUM S.A.,56748,RMS3P,ON PRESIDENT PETRO. S3 V.27/12/25 U$S CG,OBLIGACION NEGOCIABLE PYME,27/12/2022,29/12/2025,Pesos,RMS
30547794482,AGRONORTE S.R.L.,57744,OR2BP,ON PYME AGRONORTE S.2 C.B U$S V07/05/26 CG,OBLIGACION NEGOCIABLE PYME,7/5/2024,7/5/2026,Pesos,OR
33708830599,TRESNAL AGROPECUARIA S.A.,58780,EP4BP,ON PYME TRESNAL S.4 CL.B V14/07/27 U$S CG,OBLIGACION NEGOCIABLE PYME,14/7/2025,14/7/2027,Pesos,EP
30707174702,C&C MEDICAL S S.A.,57970,YSS1P,ON PYME C&C MEDICAL S.1 V19/08/26 $ CG,OBLIGACION NEGOCIABLE PYME,19/8/2024,19/8/2026,Pesos,YSS
33711944899,GENER.MEDITE./CENTRAL TERMICA ROCA S.A.,58223,MR41O,ON GMCTR CL.41 V.01/11/31 U$S CG,OBLIGACION NEGOCIABLE SIMPLE,8/11/2024,1/11/2031,Pesos,MR
30714347159,TUX SA,55759,UXS1P,ON PYME TUX CNV GA. S.1 V.11/11/23 $ C.G,OBLIGACION NEGOCIABLE SIMPLE,11/11/2021,29/12/2025,Pesos,UXS
30550246771,ANTA DEL DORADO S.A.,57077,NDS2P,ON P ANTA DEL DORADO S2 V30/05/26 U$S CG,OBLIGACION NEGOCIABLE SIMPLE,30/5/2023,30/5/2026,Pesos,NDS
33707124909,ROMBO COMPANIA FINANCIERA S.A.,59083,RB66O,ON ROMBO COMPAÃ‘IA FINANCIERA S.66 17/12/27 U,VOABLIGACION NEGOCIABLE SIMPLE,17/12/2025,17/12/2027,Pesos,RB
30710911580,CREDICUOTAS CONSUMO S.A.,58699,DHSEO,ON CREDICUOT CONS S.13 V06/06/26 $ CG,OBLIGACION NEGOCIABLE SIMPLE,6/6/2025,6/6/2026,Pesos,DHSE
30710080085,CERAMICA RUTA 16 S.R.L.,55058,RU1BP,ON PYME CERAMICA R16 S1 CLB $ V27/11/24,OBLIGACION NEGOCIABLE SIMPLE,27/11/2020,27/11/2024,Pesos,RU
33711944899,GENER.MEDITE./CENTRAL TERMICA ROCA S.A.,57967,MR36O,ON GMCTR CL.36 V.28/8/27 U$S CG,OBLIGACION NEGOCIABLE SIMPLE,28/8/2024,28/8/2027,Pesos,MR
33711944899,GENER.MEDITE./CENTRAL TERMICA ROCA S.A.,57968,MR37O,ON GMCTR CL.37 V28/8/28 U$S CG,OBLIGACION NEGOCIABLE SIMPLE,28/8/2024,28/8/2028,Pesos,MR
30500235566,ANGEL ESTRADA Y CIA. S.A.,58909,NLCIO,ON ANGEL ESTRADA CL.17 03/04/26 $,OBLIGACION NEGOCIABLE SIMPLE,3/10/2025,3/4/2026,Pesos,NLCI
30500003193,BANCO BBVA ARGENTINA S.A.,58691,BF36O,ON BCO BBVA ARG CL.36 V.10/06/26 $ CG,OBLIGACION NEGOCIABLE SIMPLE,10/6/2025,10/6/2026,Pesos,BF
30578036071,MIRGOR S.A.,57920,MIC2O,ON MIRGOR CL.2 VTO.30/01/26 U$S CG,OBLIGACION NEGOCIABLE SIMPLE,30/7/2024,30/1/2026,Pesos,MIC
30707024859,JOHN DEERE CREDIT COMPANIA FINANCIERA S.A.,57639,HJCAO,ON JOHN DEERE CRED CL 10 V08/03/26 U$S CG,OBLIGACION NEGOCIABLE SIMPLE,8/3/2024,8/3/2026,Pesos,HJCA
33711944899,GENER.MEDITE./CENTRAL TERMICA ROCA S.A.,57969,MR38O,ON GMCTR CL.38 V30/8/27 UVA CG,OBLIGACION NEGOCIABLE SIMPLE,30/8/2024,30/8/2027,Pesos,MR
30500008454,BANCO SANTANDER ARGENTINA S.A,58399,BNCTO,ON BCO SANTANDER CL.27 V.22/01/26 $ CG,OBLIGACION NEGOCIABLE SIMPLE,22/1/2025,22/1/2026,Pesos,BNCT
33707124909,ROMBO COMPANIA FINANCIERA S.A.,59081,RB64O,ON ROMBO COMPAÃ‘IA FINANCIERA S.64 17/12/26 $,OBLIGACION NEGOCIABLE SIMPLE,17/12/2025,17/12/2026,Pesos,RB
33711944899,GENER.MEDITE./CENTRAL TERMICA ROCA S.A.,57786,MRCZO,ON GENE.MED/CEN. TERM.RO CL.33 $ C.G,OBLIGACION NEGOCIABLE SIMPLE,30/5/2024,14/8/2025,Pesos,MRCZ
33707124909,ROMBO COMPANIA FINANCIERA S.A.,58064,RB58O,ON ROMBO S.58 $ VTO.13/09/26 C.G.,OBLIGACION NEGOCIABLE SIMPLE,13/9/2024,13/9/2026,Pesos,RB
30710911580,CREDICUOTAS CONSUMO S.A.,58557,DHD1O,ON CREDICUO CONS 12 CL.1 V29/04/26 $ CG,OBLIGACION NEGOCIABLE SIMPLE,29/4/2025,29/4/2026,Pesos,DHD
30699542454,EMPRESA DISTRIB DE ELECTRICIDAD DE MENDOZA S.A.,57737,OZC1O,ON EDEMSA CL.1 UVA VT.06/05/26 C.G,OBLIGACION NEGOCIABLE SIMPLE,6/5/2024,6/5/2026,Pesos,OZC
30558543317,GRUPO COHEN S.A.,58120,GHC8O,ON GRUPO COHEN CL.8 V.09/01/26 U$S CG,OBLIGACION NEGOCIABLE SIMPLE,9/10/2024,9/1/2026,Pesos,GHC
33707124909,ROMBO COMPANIA FINANCIERA S.A.,59082,RB65O,ON ROMBO COMPAÃ‘IA FINANCIERA S.65 17/12/26 $,OBLIGACION NEGOCIABLE SIMPLE,17/12/2025,17/12/2026,Pesos,RB
30714128309,YPF ENERGIA ELECTRICA S.A.,57591,YFCFO,ON YPF ENER.ELEC. C.14 V.27/02/27 U$S CG,OBLIGACION NEGOCIABLE SIMPLE,27/2/2024,27/2/2027,Pesos,YFCF
33707124909,ROMBO COMPANIA FINANCIERA S.A.,58424,RB59O,ON ROMBO S.59 VTO.31/07/26 $ C.G.,OBLIGACION NEGOCIABLE SIMPLE,31/1/2025,31/7/2026,Pesos,RB
33707124909,ROMBO COMPANIA FINANCIERA S.A.,58425,RB60O,ON ROMBO S.60 VTO.31/07/27 UVAS C.G.,OBLIGACION NEGOCIABLE SIMPLE,31/1/2025,31/1/2027,Pesos,RB
30500008454,BANCO SANTANDER ARGENTINA S.A,58656,BNCWO,ON BCO SANTANDER CL.30 V.23/05/26 $ CG,OBLIGACION NEGOCIABLE SIMPLE,23/5/2025,23/5/2026,Pesos,BNCW
33711944899,GENER.MEDITE./CENTRAL TERMICA ROCA S.A.,58482,MR42O,ON GMCTR CL.42 V.26/02/26 $ CG,OBLIGACION NEGOCIABLE SIMPLE,26/2/2025,26/2/2026,Pesos,MR
33711944899,GENER.MEDITE./CENTRAL TERMICA ROCA S.A.,57440,MRCRO,ON GEN MED SA CL.26 V28/08/27 U$S CG,OBLIGACION NEGOCIABLE SIMPLE,12/10/2022,28/8/2027,Pesos,MRCR
30714128309,YPF ENERGIA ELECTRICA S.A.,83804,YFCHO,ON YPF ENER.ELEC. C.16 V.13/12/25 U$S CG,OBLIGACION NEGOCIABLE SIMPLE,13/6/2024,13/12/2025,Pesos,YFCH
30511190238,S.A. SAN MIGUEL,57917,SNAAO,ON SAN MIGUEL S.10 CL.A V29/07/26 U$S CG,OBLIGACION NEGOCIABLE SIMPLE,29/7/2024,29/7/2026,Pesos,SNAA
33711944899,GENER.MEDITE./CENTRAL TERMICA ROCA S.A.,56560,MRCKO,ON GN MEDI/CT ROCA 19 V07/11/25 UVA CG,OBLIGACION NEGOCIABLE SIMPLE,7/11/2022,20/12/2025,Pesos,MRCK
30714128309,YPF ENERGIA ELECTRICA S.A.,56399,YFCDO,ON YPF ENER.ELEC. C.12 V.29/08/26 U$S CG,OBLIGACION NEGOCIABLE SIMPLE,29/8/2022,29/8/2026,Pesos,YFCD
30500235566,ANGEL ESTRADA Y CIA. S.A.,56681,NLCDO,ON ANGEL ESTRADA CL 12 V16/12/2027 $ C.G,OBLIGACION NEGOCIABLE SIMPLE,16/12/2022,16/12/2027,Pesos,NLCD
30534672434,BANCO SAENZ S.A.,54335,BZSBO,ON BANCO SAENZ S. 11 02/08/2026 $ C.G.,OBLIGACION NEGOCIABLE SIMPLE,2/8/2019,3/8/2026,Pesos,BZSB
33711944899,GENER.MEDITE./CENTRAL TERMICA ROCA S.A.,57655,MRCWO,ON GEN MED SA CL.30 V08/03/27 UVA CG,OBLIGACION NEGOCIABLE SIMPLE,8/3/2024,8/3/2027,Pesos,MRCW
33711944899,GENER.MEDITE./CENTRAL TERMICA ROCA S.A.,57444,MRCTO,ON GEN MED SA CL.27 V12/04/27 UVA CG,OBLIGACION NEGOCIABLE SIMPLE,12/10/2023,12/4/2027,Pesos,MRCT
30538006404,COMPANIA FINANCIERA ARGENTINA S.A.,55999,CNQ2O,ON CIA FIN.ARG UVA C25 S2 V.16/03/29 $ CG,OBLIGACION NEGOCIABLE SIMPLE,16/3/2022,16/3/2029,Pesos,CNQ
33707124909,ROMBO COMPANIA FINANCIERA S.A.,58736,RB61O,ON ROMBO S.61 VTO.25/12/26 $ C.G.,OBLIGACION NEGOCIABLE SIMPLE,25/6/2025,25/12/2026,Pesos,RB
33707124909,ROMBO COMPANIA FINANCIERA S.A.,58737,RB62O,ON ROMBO S.62 VTO.25/03/26 $ C.G.,OBLIGACION NEGOCIABLE SIMPLE,25/6/2025,25/3/2026,Pesos,RB
33711944899,GENER.MEDITE./CENTRAL TERMICA ROCA S.A.,56295,MRCHO,ON C.TERM.GEN ROC. C16 V28/08/27 UVA CG,OBLIGACION NEGOCIABLE SIMPLE,18/7/2022,28/8/2027,Pesos,MRCH
30642617555,NEW SAN SA,58635,WNCNO,ON NEWSAN 22 V15/05/26 $ CG,OBLIGACION NEGOCIABLE SIMPLE,15/5/2025,15/5/2026,Pesos,WNCN
30711424195,PALLETS JAUREGUI S.A.,58059,PJS1P,ON PYME PALLETS JAURE S.1 V11/09/26 $ CG,OBLIGACION NEGOCIABLE PYME,11/9/2024,11/9/2026,Pesos,PJS
30713701803,3D LATINOAMERICA S.A.,58834,DDS1P,ON PYME 3D LATINOAMERICA S.1 $ CG,OBLIGACION NEGOCIABLE PYME,13/8/2025,13/8/2027,Pesos,DDS
30710218192,PROCHEM BIO S.A.,58448,BO1AP,ON PROCHEM S.1 CL.A $ CG,OBLIGACION NEGOCIABLE PYME,10/2/2025,10/2/2027,Pesos,BO
30707955267,MATIAS RUIZ Y CI(cid:141)A. S.A.,58745,RZS1L,ON PYME MATIAS RUIZ SERIE 1 $ CG,OBLIGACION NEGOCIABLE PYME,30/6/2025,30/6/2027,Pesos,RZS
30711075905,HIDROTEC S.A.,57975,HC21P,ON PYME HIDROTEC S2CL1 V21/02/26 $ CG,OBLIGACION NEGOCIABLE PYME,21/8/2024,21/2/2026,Pesos,HC
30691479400,RECARD S.A.,58806,RES1L,ON PYME RECARD S.1 $ CG,OBLIGACION NEGOCIABLE PYME,30/9/2025,30/9/2027,Pesos,RES
30716855372,PROCESOS INDUSTRIALES METALLO SA,58586,IP11P,ON PROC INDUSTR METALLO S.A S.1 CL.1 $ CG,OBLIGACION NEGOCIABLE PYME,28/4/2025,28/4/2027,Pesos,IP
30505607925,ECOSUR BAHIA SOCIEDAD ANONIMA,58337,EOS1P,ON PYME ECOSUR BAHIA S.1 $ CG,OBLIGACION NEGOCIABLE PYME,20/12/2024,20/6/2026,Pesos,EOS
30718592425,INCLUSION FINANCIERA INTEGRAL S.R.L.,58792,IF12L,ON INCL FIN INTEGRAL CL.2 V.17/01/27 $ CG,OBLIGACION NEGOCIABLE SIMPLE,17/7/2025,17/1/2027,Pesos,IF
30699542454,EMPRESA DISTRIB DE ELECTRICIDAD DE MENDOZA S.A.,58629,OZC5O,ON EDEMSA CL.5 V12/05/26 $ CG,OBLIGACION NEGOCIABLE SIMPLE,12/5/2025,12/5/2026,Pesos,OZC
30500008454,BANCO SANTANDER ARGENTINA S.A,58472,BNCUO,ON BCO SANTANDER CL.28 V.21/02/26 $ CG,OBLIGACION NEGOCIABLE SIMPLE,21/2/2025,21/2/2026,Pesos,BNCU
30696748191,PUENTE NOGUEIRA SRL,56939,PG1BP,ON PYME PUENTE N. S1 CL.B $ CG V29/03/28,OBLIGACION NEGOCIABLE SIMPLE,29/3/2023,29/3/2028,Pesos,PG
